Policy,Start,End,Start2,End2,State,Color,StateEndDate,Pact,LabelEndDateCases,Notes
Emergency Declaration,3/13/2020,9/9/2020,,,Alabama,Republican,Alabama44083,N/A,N/A,State of Emergency
School Closure,3/18/2020,6/26/2020,,,Alabama,Republican,Alabama44008,N/A,34183,
Gathering Restriction (Any),3/19/2020,5/11/2020,,,Alabama,Republican,Alabama43962,N/A,10164,
Mask,7/16/2020,7/31/2020,,,Alabama,Republican,Alabama44043,N/A,87723,exceptions include athletic activities over 6ft apart and any person in a body of water
Quarantine / Case Isolation,7/15/2020,7/31/2020,,,Alabama,Republican,Alabama44043,N/A,87723,
Stay at Home,4/4/2020,4/30/2020,,,Alabama,Republican,Alabama43951,N/A,7068,
Non-essential Business Closure,3/28/2020,5/11/2020,,,Alabama,Republican,Alabama43962,N/A,10164,"order defines affected businesses and activities that include entertainment venues, athletic facilities, close-contact service providers, and retail stores; beaches closed 3/19/2020"
Restaurant Restrictions,3/19/2020,7/31/2020,,,Alabama,Republican,Alabama44043,N/A,87723,
Bar Restrictions,3/19/2020,7/31/2020,,,Alabama,Republican,Alabama44043,N/A,87723,
Emergency Declaration,3/18/2020,11/15/2020,,,Alaska,Republican,Alaska44150,N/A,N/A,Public Health Emergency
School Closure,3/13/2020,7/27/2020,,,Alaska,Republican,Alaska44039,N/A,3204,by county. https://education.alaska.gov/news/COVID-19/Alaska%20Smart%20Start%202020%20Framework%20Guidance.pdf
Gathering Restriction (Any),3/24/2020,5/22/2020,,,Alaska,Republican,Alaska43973,N/A,404,
Mask,4/24/2020,5/22/2020,,,Alaska,Republican,Alaska43973,N/A,404,at retail and personal care establishments and gatherings including non-household members
Quarantine / Case Isolation,3/25/2020,6/6/2020,,,Alaska,Republican,Alaska43988,N/A,579,
Stay at Home,3/28/2020,4/24/2020,,,Alaska,Republican,Alaska43945,N/A,337,
Non-essential Business Closure,3/28/2020,4/24/2020,,,Alaska,Republican,Alaska43945,N/A,337,personal care closed 3/24/2020
Restaurant Restrictions,3/18/2020,5/22/2020,,,Alaska,Republican,Alaska43973,N/A,404,
Bar Restrictions,3/18/2020,5/22/2020,,,Alaska,Republican,Alaska43973,N/A,404,
Emergency Declaration,3/11/2020,,,,Arizona,Swing,Arizona,N/A,N/A,Public Health Emergency
School Closure,3/15/2020,8/7/2020,,,Arizona,Swing,Arizona44050,N/A,185104,schools resume 8/17. vaires by county. https://files.constantcontact.com/cbebfe4e101/9d2d8eb8-9e75-48d3-9ceb-9ea07eea8fea.pdf
Gathering Restriction (Any),3/31/2020,5/16/2020,6/29/2020,,Arizona,Swing,Arizona43967,N/A,13631,
Mask,,,,,Arizona,Swing,Arizona,N/A,N/A,
Quarantine / Case Isolation,4/9/2020,5/12/2020,,,Arizona,Swing,Arizona43963,N/A,11736,"entering Arizona from NY, NJ, CT"
Stay at Home,3/31/2020,5/16/2020,,,Arizona,Swing,Arizona43967,N/A,13631,executive order 5/12 bans any city or county from enacting stay-at-home protocols
Non-essential Business Closure,3/31/2020,4/29/2020,6/29/2020,,Arizona,Swing,Arizona43950,N/A,7202,"close contact services reopen 5/8; order revised 6/29, businesses must apply with AZ department of health to reopen"
Restaurant Restrictions,3/31/2020,5/11/2020,7/11/2020,,Arizona,Swing,Arizona43962,N/A,11380,indoor dining reopen 5/11
Bar Restrictions,3/31/2020,5/12/2020,7/29/2020,,Arizona,Swing,Arizona43963,N/A,11736,"extended indefinitely, reviewed every two weeks"
Emergency Declaration,3/11/2020,8/17/2020,,,Arkansas,Republican,Arkansas44060,N/A,N/A,Emergency
School Closure,3/17/2020,7/9/2020,,,Arkansas,Republican,Arkansas44021,N/A,26052,
Gathering Restriction (Any),3/27/2020,6/18/2020,,,Arkansas,Republican,Arkansas44000,N/A,13928,
Mask,7/20/2020,,,,Arkansas,Republican,Arkansas,N/A,N/A,exceptions include persons under 10 years old
Quarantine / Case Isolation,5/18/2020,6/15/2020,,,Arkansas,Republican,Arkansas43997,N/A,12917,
Stay at Home,,,,,Arkansas,Republican,Arkansas,N/A,N/A,
Non-essential Business Closure,3/19/2020,5/6/2020,,,Arkansas,Republican,Arkansas43957,N/A,3611,casinos reopen 5/18
Restaurant Restrictions,3/19/2020,5/11/2020,,,Arkansas,Republican,Arkansas43962,N/A,4043,
Bar Restrictions,3/19/2020,5/26/2020,,,Arkansas,Republican,Arkansas43977,N/A,6180,
Emergency Declaration,3/4/2020,,,,California,Democrat,California,Western,N/A,State of Emergency
School Closure,3/13/2020,6/8/2020,,,California,Democrat,California43990,Western,134287,official announcement of distance learning for the rest of the academic year on 3/31
Gathering Restriction (Any),3/11/2020,,,,California,Democrat,California,Western,N/A,
Mask,6/18/2020,,,,California,Democrat,California,Western,N/A,
Quarantine / Case Isolation,,,,,California,Democrat,California,Western,N/A,
Stay at Home,3/19/2020,5/8/2020,,,California,Democrat,California43959,Western,64616,
Non-essential Business Closure,3/19/2020,5/8/2020,,,California,Democrat,California43959,Western,64616,
Restaurant Restrictions,3/19/2020,5/18/2020,7/18/2020,,California,Democrat,California43969,Western,81943,
Bar Restrictions,3/19/2020,6/12/2020,7/1/2020,,California,Democrat,California43994,Western,147285,
Emergency Declaration,3/10/2020,8/5/2020,,,Colorado,Swing,Colorado44048,Western,49143,Disaster Emergency
School Closure,3/23/2020,7/20/2020,,,Colorado,Swing,Colorado44032,Western,40649,
Gathering Restriction (Any),3/19/2020,8/22/2020,,,Colorado,Swing,Colorado44065,Western,N/A,
Mask,6/20/2020,8/5/2020, ,,Colorado,Swing,Colorado44048,Western,49143,
Quarantine / Case Isolation,4/2/2020,8/22/2020,,,Colorado,Swing,Colorado44065,Western,N/A,
Stay at Home,3/26/2020,4/27/2020,,,Colorado,Swing,Colorado43948,Western,13804,mandate for vulnerable individuals only after 4/27
Non-essential Business Closure,3/17/2020,4/27/2020,,,Colorado,Swing,Colorado43948,Western,13804,
Restaurant Restrictions,3/17/2020,6/18/2020,,,Colorado,Swing,Colorado44000,Western,29886,50% capacity on 6/18
Bar Restrictions,3/17/2020,6/18/2020,,,Colorado,Swing,Colorado44000,Western,29886,25% capacity on 6/18
Emergency Declaration,3/10/2020,9/9/2020,,,Connecticut,Democrat,Connecticut44083,Northeast,N/A,Public Health Emergency
School Closure,3/17/2020,6/29/2020,,,Connecticut,Democrat,Connecticut44011,Northeast,46362,
Gathering Restriction (Any),3/12/2020,6/16/2020,,,Connecticut,Democrat,Connecticut43998,Northeast,45349,
Mask,4/20/2020,,,,Connecticut,Democrat,Connecticut,Northeast,N/A,may stay in effect through end of public health emergency; https://portal.ct.gov/-/media/Office-of-the-Governor/Executive-Orders/Lamont-Executive-Orders/Executive-Order-No-7BB.pdf
Quarantine / Case Isolation,6/25/2020,1/24/2021,,,Connecticut,Democrat,Connecticut44220,Northeast,N/A,
Stay at Home,,,,,Connecticut,Democrat,Connecticut,Northeast,N/A,
Non-essential Business Closure,3/16/2020,6/20/2020,,,Connecticut,Democrat,Connecticut44002,Northeast,45715,
Restaurant Restrictions,3/16/2020,6/16/2020,,,Connecticut,Democrat,Connecticut43998,Northeast,45349,
Bar Restrictions,3/16/2020,6/20/2020,,,Connecticut,Democrat,Connecticut44002,Northeast,45715,
Emergency Declaration,3/12/2020,8/5/2020,,,Delaware,Democrat,Delaware44048,Northeast,15296,State of Emergency
School Closure,3/13/2020,8/4/2020,,,Delaware,Democrat,Delaware44047,Northeast,15137,"on 7/5, guidance was released by the Secretary of Education"
Gathering Restriction (Any),3/16/2020,6/14/2020,,,Delaware,Democrat,Delaware43996,Northeast,10264,eased on 5/20 to exclude religious gatherings; indoor events up to 250 people allowed on 6/14
Mask,4/28/2020,,,,Delaware,Democrat,Delaware,Northeast,N/A,
Quarantine / Case Isolation,3/30/2020,6/1/2020,,,Delaware,Democrat,Delaware43983,Northeast,9605,
Stay at Home,3/24/2020,6/1/2020,,,Delaware,Democrat,Delaware43983,Northeast,9605,
Non-essential Business Closure,3/24/2020,5/7/2020,,,Delaware,Democrat,Delaware43958,Northeast,5939,
Restaurant Restrictions,3/16/2020,6/14/2020,,,Delaware,Democrat,Delaware43996,Northeast,10264,https://governor.delaware.gov/health-soe/twenty-first-state-of-emergency/
Bar Restrictions,3/16/2020,6/14/2020,,,Delaware,Democrat,Delaware43996,Northeast,10264,https://governor.delaware.gov/health-soe/twenty-first-state-of-emergency/
Emergency Declaration,3/11/2020,10/9/2020,,,District of Columbia,Democrat,District of Columbia44113,N/A,N/A,Public Health Emergency
School Closure,3/16/2020,11/6/2020,,,District of Columbia,Democrat,District of Columbia44141,N/A,N/A,guidance issued 7/15
Gathering Restriction (Any),3/13/2020,10/9/2020,,,District of Columbia,Democrat,District of Columbia44113,N/A,N/A,
Mask,5/29/2020,6/22/2020,,,District of Columbia,Democrat,District of Columbia44004,N/A,10058,masks required on public transit on 4/17
Quarantine / Case Isolation,7/27/2020,10/9/2020,,,District of Columbia,Democrat,District of Columbia44113,N/A,N/A,entering from high-risk states (to be reevaluated)
Stay at Home,4/1/2020,6/8/2020,,,District of Columbia,Democrat,District of Columbia43990,N/A,9389,
Non-essential Business Closure,3/25/2020,5/29/2020,,,District of Columbia,Democrat,District of Columbia43980,N/A,8538,
Restaurant Restrictions,3/16/2020,5/29/2020,,,District of Columbia,Democrat,District of Columbia43980,N/A,8538,
Bar Restrictions,3/16/2020,10/9/2020,,,District of Columbia,Democrat,District of Columbia44113,N/A,N/A,
Emergency Declaration,3/1/2020,9/5/2020,,,Florida,Swing,Florida44079,N/A,N/A,Public Health Emergency
School Closure,3/17/2020,7/6/2020,,,Florida,Swing,Florida44018,N/A,206439,
Gathering Restriction (Any),4/1/2020,6/3/2020,,,Florida,Swing,Florida43985,N/A,58756,
Mask,,,,,Florida,Swing,Florida,N/A,N/A,
Quarantine / Case Isolation,3/24/2020,6/5/2020,,,Florida,Swing,Florida43987,N/A,61480,
Stay at Home,4/1/2020,5/5/2020,,,Florida,Swing,Florida43956,N/A,37431,seniors only
Non-essential Business Closure,3/20/2020,5/4/2020,,,Florida,Swing,Florida43955,N/A,36889,
Restaurant Restrictions,3/17/2020,5/17/2020,,,Florida,Swing,Florida43968,N/A,45580,
Bar Restrictions,3/17/2020,6/5/2020,,,Florida,Swing,Florida43987,N/A,61480,
Emergency Declaration,3/14/2020,8/11/2020,,,Georgia,Swing,Georgia44054,N/A,N/A,Public Health Emergency
School Closure,3/18/2020,6/1/2020,,,Georgia,Swing,Georgia43983,N/A,45757,
Gathering Restriction (Any),3/24/2020,8/1/2020,,,Georgia,Swing,Georgia44044,N/A,174834,
Mask,,,,,Georgia,Swing,Georgia,N/A,N/A,
Quarantine / Case Isolation,4/15/2020,7/16/2020,,,Georgia,Swing,Georgia44028,N/A,120848,
Stay at Home,4/3/2020,4/30/2020,,,Georgia,Swing,Georgia43951,N/A,25431,
Non-essential Business Closure,4/3/2020,4/24/2020,,,Georgia,Swing,Georgia43945,N/A,21575,"order includes gyms, fitness centers, bowling alleys, theaters, live performance venues, amusement parks, body art studios, estheticians, hair designers, massage therapy, public swimming pools, performance venues, operators of amusement rides"
Restaurant Restrictions,3/24/2020,6/11/2020,,,Georgia,Swing,Georgia43993,N/A,52332,
Bar Restrictions,3/24/2020,6/11/2020,,,Georgia,Swing,Georgia43993,N/A,52332,
Emergency Declaration,3/4/2020,8/31/2020,,,Hawaii,Democrat,Hawaii44074,N/A,N/A,State of Emergency
School Closure,3/16/2020,7/2/2020,,,Hawaii,Democrat,Hawaii44014,N/A,929,http://www.hawaiipublicschools.org/ConnectWithUs/MediaRoom/PressReleases/Pages/ReturntoLearnReopeningPlan.aspx
Gathering Restriction (Any),3/17/2020,6/10/2020,,,Hawaii,Democrat,Hawaii43992,N/A,673,
Mask,4/17/2020,7/17/2020,,,Hawaii,Democrat,Hawaii44029,N/A,1312,only required while waiting to enter and while at an essential business or operation
Quarantine / Case Isolation,3/26/2020,9/1/2020,,,Hawaii,Democrat,Hawaii44075,N/A,N/A,
Stay at Home,3/25/2020,6/10/2020,,,Hawaii,Democrat,Hawaii43992,N/A,673,
Non-essential Business Closure,3/25/2020,5/1/2020,,,Hawaii,Democrat,Hawaii43952,N/A,610,"by county according to reopening plan; on 4/17, florists allowed to reopen"
Restaurant Restrictions,3/17/2020,6/10/2020,,,Hawaii,Democrat,Hawaii43992,N/A,673,"determined by county/island, not state level"
Bar Restrictions,3/17/2020,6/10/2020,,,Hawaii,Democrat,Hawaii43992,N/A,673,"determined by county/island, not state level"
Emergency Declaration,3/13/2020,8/9/2020,,,Idaho,Republican,Idaho44052,N/A,N/A,State of Emergency
School Closure,3/23/2020,7/9/2020,,,Idaho,Republican,Idaho44021,N/A,9598,
Gathering Restriction (Any),3/25/2020,6/11/2020,,,Idaho,Republican,Idaho43993,N/A,3303,
Mask,,,,,Idaho,Republican,Idaho,N/A,N/A,
Quarantine / Case Isolation,4/15/2020,5/16/2020,,,Idaho,Republican,Idaho43967,N/A,2419,
Stay at Home,3/25/2020,5/1/2020,,,Idaho,Republican,Idaho43952,N/A,2035,
Non-essential Business Closure,3/25/2020,6/11/2020,,,Idaho,Republican,Idaho43993,N/A,3303,
Restaurant Restrictions,3/25/2020,6/11/2020,,,Idaho,Republican,Idaho43993,N/A,3303,
Bar Restrictions,3/25/2020,6/11/2020,,,Idaho,Republican,Idaho43993,N/A,3303,
Emergency Declaration,3/9/2020,8/23/2020,,,Illinois,Democrat,Illinois44066,Midwest,N/A,Disaster
School Closure,3/17/2020,6/26/2020,,,Illinois,Democrat,Illinois44008,Midwest,141812,
Gathering Restriction (Any),3/13/2020,,,,Illinois,Democrat,Illinois,Midwest,N/A,
Mask,5/1/2020,,,,Illinois,Democrat,Illinois,Midwest,N/A,
Quarantine / Case Isolation,,,,,Illinois,Democrat,Illinois,Midwest,N/A,
Stay at Home,3/21/2020,5/29/2020,,,Illinois,Democrat,Illinois43980,Midwest,117794,
Non-essential Business Closure,3/21/2020,6/26/2020,,,Illinois,Democrat,Illinois44008,Midwest,141812,
Restaurant Restrictions,3/16/2020,,,,Illinois,Democrat,Illinois,Midwest,N/A,
Bar Restrictions,3/16/2020,,,,Illinois,Democrat,Illinois,Midwest,N/A,
Emergency Declaration,3/6/2020,8/3/2020,,,Indiana,Republican,Indiana44046,Midwest,70111,Public Health Emergency
School Closure,3/19/2020,7/1/2020,,,Indiana,Republican,Indiana44013,Midwest,47116,
Gathering Restriction (Any),3/12/2020,8/1/2020,,,Indiana,Republican,Indiana44044,Midwest,68773,
Mask,7/27/2020,,,,Indiana,Republican,Indiana,Midwest,N/A,
Quarantine / Case Isolation,,,,,Indiana,Republican,Indiana,Midwest,N/A,
Stay at Home,3/25/2020,5/1/2020,,,Indiana,Republican,Indiana43952,Midwest,18941,nightclubs close on 3/16
Non-essential Business Closure,3/25/2020,5/1/2020,,,Indiana,Republican,Indiana43952,Midwest,18941,by county
Restaurant Restrictions,3/16/2020,5/11/2020,,,Indiana,Republican,Indiana43962,Midwest,25134,by county
Bar Restrictions,3/16/2020,6/12/2020,,,Indiana,Republican,Indiana43994,Midwest,40114,by county
Emergency Declaration,3/17/2020,8/23/2020,,,Iowa,Swing,Iowa44066,N/A,N/A,Disaster Emergency
School Closure,4/3/2020,6/25/2020,,,Iowa,Swing,Iowa44007,N/A,27384,https://www.educateiowa.gov/documents/pk-12/2020/06/reopening-guidance-schools
Gathering Restriction (Any),3/17/2020,5/26/2020,,,Iowa,Swing,Iowa43977,N/A,17999,
Mask,,,,,Iowa,Swing,Iowa,N/A,N/A,
Quarantine / Case Isolation,,,,,Iowa,Swing,Iowa,N/A,N/A,
Stay at Home,,,,,Iowa,Swing,Iowa,N/A,N/A,
Non-essential Business Closure,3/17/2020,5/1/2020,,,Iowa,Swing,Iowa43952,N/A,7883,close-contact services reopen on 5/8
Restaurant Restrictions,3/17/2020,5/1/2020,,,Iowa,Swing,Iowa43952,N/A,7883,22 of 99 counties remain closed for indoor dining for two weeks
Bar Restrictions,3/17/2020,5/28/2020,,,Iowa,Swing,Iowa43979,N/A,18672,
Emergency Declaration,3/12/2020,9/15/2020,,,Kansas,Republican,Kansas44089,N/A,N/A,State of Disaster Emergency
School Closure,3/30/2020,7/15/2020,,,Kansas,Republican,Kansas44027,N/A,21157,https://www.ksde.org/Portals/0/Communications/Navigating%20Change/Gating%20Criteria%20Graphic.pdf?ver=2020-08-13-123107-083
Gathering Restriction (Any),3/17/2020,,,,Kansas,Republican,Kansas,N/A,N/A,
Mask,7/3/2020,,,,Kansas,Republican,Kansas,N/A,N/A,
Quarantine / Case Isolation,3/23/2020,5/26/2020,6/8/2020,,Kansas,Republican,Kansas43977,N/A,9352,
Stay at Home,3/30/2020,5/4/2020,,,Kansas,Republican,Kansas43955,N/A,5385,
Non-essential Business Closure,3/30/2020,5/4/2020,,,Kansas,Republican,Kansas43955,N/A,5385,
Restaurant Restrictions,3/30/2020,5/4/2020,,,Kansas,Republican,Kansas43955,N/A,5385,
Bar Restrictions,3/30/2020,6/8/2020,,,Kansas,Republican,Kansas43990,N/A,10724,
Emergency Declaration,3/6/2020,,,,Kentucky,Republican,Kentucky,Midwest,N/A,State of Emergency
School Closure,,6/24/2020,,,Kentucky,Republican,Kentucky44006,Midwest,14522,
Gathering Restriction (Any),3/19/2020,,,,Kentucky,Republican,Kentucky,Midwest,N/A,
Mask,7/10/2020,9/5/2020,,,Kentucky,Republican,Kentucky44079,Midwest,N/A,
Quarantine / Case Isolation,3/30/2020,,,,Kentucky,Republican,Kentucky,Midwest,N/A,extended for life of the state of emergency order
Stay at Home,,,,,Kentucky,Republican,Kentucky,Midwest,N/A,
Non-essential Business Closure,3/18/2020,5/20/2020,,,Kentucky,Republican,Kentucky43971,Midwest,8336,"all non-""life-sustaining""  businesses close on 3/26; manufacturing, dealerships, professional services, pet grooming/boarding open 5/11; close-contact services open 5/25"
Restaurant Restrictions,3/16/2020,5/22/2020,,,Kentucky,Republican,Kentucky43973,Midwest,8688,
Bar Restrictions,3/16/2020,6/29/2020,,,Kentucky,Republican,Kentucky44011,Midwest,15657,
Emergency Declaration,3/11/2020,8/7/2020,,,Louisiana,Republican,Louisiana44050,N/A,128864,Public Health Emergency
School Closure,3/13/2020,,,,Louisiana,Republican,Louisiana,N/A,N/A,
Gathering Restriction (Any),,,,,Louisiana,Republican,Louisiana,N/A,N/A,
Mask,,,,,Louisiana,Republican,Louisiana,N/A,N/A,
Quarantine / Case Isolation,,,,,Louisiana,Republican,Louisiana,N/A,N/A,
Stay at Home,,,,,Louisiana,Republican,Louisiana,N/A,N/A,
Non-essential Business Closure,,,,,Louisiana,Republican,Louisiana,N/A,N/A,
Restaurant Restrictions,,,,,Louisiana,Republican,Louisiana,N/A,N/A,
Bar Restrictions,,,,,Louisiana,Republican,Louisiana,N/A,N/A,
Emergency Declaration,3/15/2020,8/7/2020,,,Maine,Swing,Maine44050,N/A,4014,State of Civil Emergency
School Closure,,,,,Maine,Swing,Maine,N/A,N/A,
Gathering Restriction (Any),,,,,Maine,Swing,Maine,N/A,N/A,
Mask,,,,,Maine,Swing,Maine,N/A,N/A,
Quarantine / Case Isolation,,,,,Maine,Swing,Maine,N/A,N/A,
Stay at Home,,,,,Maine,Swing,Maine,N/A,N/A,
Non-essential Business Closure,,,,,Maine,Swing,Maine,N/A,N/A,
Restaurant Restrictions,,,,,Maine,Swing,Maine,N/A,N/A,
Bar Restrictions,,,,,Maine,Swing,Maine,N/A,N/A,
Emergency Declaration,3/5/2020,7/31/2020,,,Maryland,Democrat,Maryland44043,N/A,88907,State of Emergency
School Closure,,,,,Maryland,Democrat,Maryland,N/A,N/A,
Gathering Restriction (Any),,,,,Maryland,Democrat,Maryland,N/A,N/A,
Mask,,,,,Maryland,Democrat,Maryland,N/A,N/A,
Quarantine / Case Isolation,,,,,Maryland,Democrat,Maryland,N/A,N/A,
Stay at Home,,,,,Maryland,Democrat,Maryland,N/A,N/A,
Non-essential Business Closure,,,,,Maryland,Democrat,Maryland,N/A,N/A,
Restaurant Restrictions,,,,,Maryland,Democrat,Maryland,N/A,N/A,
Bar Restrictions,,,,,Maryland,Democrat,Maryland,N/A,N/A,
Emergency Declaration,3/10/2020,,,,Massachusetts,Democrat,Massachusetts,Northeast,N/A,State of Emergency
School Closure,,,,,Massachusetts,Democrat,Massachusetts,Northeast,N/A,
Gathering Restriction (Any),,,,,Massachusetts,Democrat,Massachusetts,Northeast,N/A,
Mask,,,,,Massachusetts,Democrat,Massachusetts,Northeast,N/A,
Quarantine / Case Isolation,,,,,Massachusetts,Democrat,Massachusetts,Northeast,N/A,
Stay at Home,,,,,Massachusetts,Democrat,Massachusetts,Northeast,N/A,
Non-essential Business Closure,,,,,Massachusetts,Democrat,Massachusetts,Northeast,N/A,
Restaurant Restrictions,,,,,Massachusetts,Democrat,Massachusetts,Northeast,N/A,
Bar Restrictions,,,,,Massachusetts,Democrat,Massachusetts,Northeast,N/A,
Emergency Declaration,3/10/2020,8/11/2020,,,Michigan,Swing,Michigan44054,Midwest,N/A,State of Emergency
School Closure,,,,,Michigan,Swing,Michigan,Midwest,N/A,
Gathering Restriction (Any),,,,,Michigan,Swing,Michigan,Midwest,N/A,
Mask,,,,,Michigan,Swing,Michigan,Midwest,N/A,
Quarantine / Case Isolation,,,,,Michigan,Swing,Michigan,Midwest,N/A,
Stay at Home,,,,,Michigan,Swing,Michigan,Midwest,N/A,
Non-essential Business Closure,,,,,Michigan,Swing,Michigan,Midwest,N/A,
Restaurant Restrictions,,,,,Michigan,Swing,Michigan,Midwest,N/A,
Bar Restrictions,,,,,Michigan,Swing,Michigan,Midwest,N/A,
Emergency Declaration,3/13/2020,8/12/2020,,,Minnesota,Swing,Minnesota44055,Midwest,N/A,Peacetime Emergency
School Closure,,,,,Minnesota,Swing,Minnesota,Midwest,N/A,
Gathering Restriction (Any),,,,,Minnesota,Swing,Minnesota,Midwest,N/A,
Mask,,,,,Minnesota,Swing,Minnesota,Midwest,N/A,
Quarantine / Case Isolation,,,,,Minnesota,Swing,Minnesota,Midwest,N/A,
Stay at Home,,,,,Minnesota,Swing,Minnesota,Midwest,N/A,
Non-essential Business Closure,,,,,Minnesota,Swing,Minnesota,Midwest,N/A,
Restaurant Restrictions,,,,,Minnesota,Swing,Minnesota,Midwest,N/A,
Bar Restrictions,,,,,Minnesota,Swing,Minnesota,Midwest,N/A,
Emergency Declaration,3/14/2020,,,,Mississippi,Republican,Mississippi,N/A,N/A,State of Emergency
School Closure,,,,,Mississippi,Republican,Mississippi,N/A,N/A,
Gathering Restriction (Any),,,,,Mississippi,Republican,Mississippi,N/A,N/A,
Mask,,,,,Mississippi,Republican,Mississippi,N/A,N/A,
Quarantine / Case Isolation,,,,,Mississippi,Republican,Mississippi,N/A,N/A,
Stay at Home,,,,,Mississippi,Republican,Mississippi,N/A,N/A,
Non-essential Business Closure,,,,,Mississippi,Republican,Mississippi,N/A,N/A,
Restaurant Restrictions,,,,,Mississippi,Republican,Mississippi,N/A,N/A,
Bar Restrictions,,,,,Mississippi,Republican,Mississippi,N/A,N/A,
Emergency Declaration,3/13/2020,12/30/2020,,,Missouri,Republican,Missouri44195,N/A,N/A,State of Emergency
School Closure,,,,,Missouri,Republican,Missouri,N/A,N/A,
Gathering Restriction (Any),,,,,Missouri,Republican,Missouri,N/A,N/A,
Mask,,,,,Missouri,Republican,Missouri,N/A,N/A,
Quarantine / Case Isolation,,,,,Missouri,Republican,Missouri,N/A,N/A,
Stay at Home,,,,,Missouri,Republican,Missouri,N/A,N/A,
Non-essential Business Closure,,,,,Missouri,Republican,Missouri,N/A,N/A,
Restaurant Restrictions,,,,,Missouri,Republican,Missouri,N/A,N/A,
Bar Restrictions,,,,,Missouri,Republican,Missouri,N/A,N/A,
Emergency Declaration,3/12/2020,,,,Montana,Republican,Montana,N/A,N/A,State of Emergency
School Closure,,,,,Montana,Republican,Montana,N/A,N/A,
Gathering Restriction (Any),,,,,Montana,Republican,Montana,N/A,N/A,
Mask,,,,,Montana,Republican,Montana,N/A,N/A,
Quarantine / Case Isolation,,,,,Montana,Republican,Montana,N/A,N/A,
Stay at Home,,,,,Montana,Republican,Montana,N/A,N/A,
Non-essential Business Closure,,,,,Montana,Republican,Montana,N/A,N/A,
Restaurant Restrictions,,,,,Montana,Republican,Montana,N/A,N/A,
Bar Restrictions,,,,,Montana,Republican,Montana,N/A,N/A,
Emergency Declaration,3/13/2020,,,,Nebraska,Republican,Nebraska,N/A,N/A,State of Emergency
School Closure,,,,,Nebraska,Republican,Nebraska,N/A,N/A,
Gathering Restriction (Any),,,,,Nebraska,Republican,Nebraska,N/A,N/A,
Mask,,,,,Nebraska,Republican,Nebraska,N/A,N/A,
Quarantine / Case Isolation,,,,,Nebraska,Republican,Nebraska,N/A,N/A,
Stay at Home,,,,,Nebraska,Republican,Nebraska,N/A,N/A,
Non-essential Business Closure,,,,,Nebraska,Republican,Nebraska,N/A,N/A,
Restaurant Restrictions,,,,,Nebraska,Republican,Nebraska,N/A,N/A,
Bar Restrictions,,,,,Nebraska,Republican,Nebraska,N/A,N/A,
Emergency Declaration,3/12/2020,,,,Nevada,Swing,Nevada,Western,N/A,State of Emergency
School Closure,,,,,Nevada,Swing,Nevada,Western,N/A,
Gathering Restriction (Any),,,,,Nevada,Swing,Nevada,Western,N/A,
Mask,,,,,Nevada,Swing,Nevada,Western,N/A,
Quarantine / Case Isolation,,,,,Nevada,Swing,Nevada,Western,N/A,
Stay at Home,,,,,Nevada,Swing,Nevada,Western,N/A,
Non-essential Business Closure,,,,,Nevada,Swing,Nevada,Western,N/A,
Restaurant Restrictions,,,,,Nevada,Swing,Nevada,Western,N/A,
Bar Restrictions,,,,,Nevada,Swing,Nevada,Western,N/A,
Emergency Declaration,3/13/2020,7/17/2020,,,New Hampshire,Swing,New Hampshire44029,N/A,6165,State of Emergency
School Closure,,,,,New Hampshire,Swing,New Hampshire,N/A,N/A,
Gathering Restriction (Any),,,,,New Hampshire,Swing,New Hampshire,N/A,N/A,
Mask,,,,,New Hampshire,Swing,New Hampshire,N/A,N/A,
Quarantine / Case Isolation,,,,,New Hampshire,Swing,New Hampshire,N/A,N/A,
Stay at Home,,,,,New Hampshire,Swing,New Hampshire,N/A,N/A,
Non-essential Business Closure,,,,,New Hampshire,Swing,New Hampshire,N/A,N/A,
Restaurant Restrictions,,,,,New Hampshire,Swing,New Hampshire,N/A,N/A,
Bar Restrictions,,,,,New Hampshire,Swing,New Hampshire,N/A,N/A,
Emergency Declaration,3/9/2020,8/1/2020,,,New Jersey,Democrat,New Jersey44044,Northeast,183904,Public Health Emergency
School Closure,,,,,New Jersey,Democrat,New Jersey,Northeast,N/A,
Gathering Restriction (Any),,,,,New Jersey,Democrat,New Jersey,Northeast,N/A,
Mask,,,,,New Jersey,Democrat,New Jersey,Northeast,N/A,
Quarantine / Case Isolation,,,,,New Jersey,Democrat,New Jersey,Northeast,N/A,
Stay at Home,,,,,New Jersey,Democrat,New Jersey,Northeast,N/A,
Non-essential Business Closure,,,,,New Jersey,Democrat,New Jersey,Northeast,N/A,
Restaurant Restrictions,,,,,New Jersey,Democrat,New Jersey,Northeast,N/A,
Bar Restrictions,,,,,New Jersey,Democrat,New Jersey,Northeast,N/A,
Emergency Declaration,3/11/2020,8/28/2020,,,New Mexico,Swing,New Mexico44071,N/A,N/A,Public Health Emergency
School Closure,,,,,New Mexico,Swing,New Mexico,N/A,N/A,
Gathering Restriction (Any),,,,,New Mexico,Swing,New Mexico,N/A,N/A,
Mask,,,,,New Mexico,Swing,New Mexico,N/A,N/A,
Quarantine / Case Isolation,,,,,New Mexico,Swing,New Mexico,N/A,N/A,
Stay at Home,,,,,New Mexico,Swing,New Mexico,N/A,N/A,
Non-essential Business Closure,,,,,New Mexico,Swing,New Mexico,N/A,N/A,
Restaurant Restrictions,,,,,New Mexico,Swing,New Mexico,N/A,N/A,
Bar Restrictions,,,,,New Mexico,Swing,New Mexico,N/A,N/A,
Emergency Declaration,3/7/2020,9/7/2020,,,New York,Democrat,New York44081,Northeast,N/A,Disaster Emergency
School Closure,,,,,New York,Democrat,New York,Northeast,N/A,
Gathering Restriction (Any),,,,,New York,Democrat,New York,Northeast,N/A,
Mask,,,,,New York,Democrat,New York,Northeast,N/A,
Quarantine / Case Isolation,,,,,New York,Democrat,New York,Northeast,N/A,
Stay at Home,,,,,New York,Democrat,New York,Northeast,N/A,
Non-essential Business Closure,,,,,New York,Democrat,New York,Northeast,N/A,
Restaurant Restrictions,,,,,New York,Democrat,New York,Northeast,N/A,
Bar Restrictions,,,,,New York,Democrat,New York,Northeast,N/A,
Emergency Declaration,3/10/2020,,,,North Carolina,Swing,North Carolina,N/A,N/A,State of Emergency
School Closure,,,,,North Carolina,Swing,North Carolina,N/A,N/A,
Gathering Restriction (Any),,,,,North Carolina,Swing,North Carolina,N/A,N/A,
Mask,,,,,North Carolina,Swing,North Carolina,N/A,N/A,
Quarantine / Case Isolation,,,,,North Carolina,Swing,North Carolina,N/A,N/A,
Stay at Home,,,,,North Carolina,Swing,North Carolina,N/A,N/A,
Non-essential Business Closure,,,,,North Carolina,Swing,North Carolina,N/A,N/A,
Restaurant Restrictions,,,,,North Carolina,Swing,North Carolina,N/A,N/A,
Bar Restrictions,,,,,North Carolina,Swing,North Carolina,N/A,N/A,
Emergency Declaration,3/13/2020,,,,North Dakota,Republican,North Dakota,N/A,N/A,State of Emergency
School Closure,,,,,North Dakota,Republican,North Dakota,N/A,N/A,
Gathering Restriction (Any),,,,,North Dakota,Republican,North Dakota,N/A,N/A,
Mask,,,,,North Dakota,Republican,North Dakota,N/A,N/A,
Quarantine / Case Isolation,,,,,North Dakota,Republican,North Dakota,N/A,N/A,
Stay at Home,,,,,North Dakota,Republican,North Dakota,N/A,N/A,
Non-essential Business Closure,,,,,North Dakota,Republican,North Dakota,N/A,N/A,
Restaurant Restrictions,,,,,North Dakota,Republican,North Dakota,N/A,N/A,
Bar Restrictions,,,,,North Dakota,Republican,North Dakota,N/A,N/A,
Emergency Declaration,3/9/2020,,,,Ohio,Swing,Ohio,Midwest,N/A,State of Emergency
School Closure,,,,,Ohio,Swing,Ohio,Midwest,N/A,
Gathering Restriction (Any),,,,,Ohio,Swing,Ohio,Midwest,N/A,
Mask,,,,,Ohio,Swing,Ohio,Midwest,N/A,
Quarantine / Case Isolation,,,,,Ohio,Swing,Ohio,Midwest,N/A,
Stay at Home,,,,,Ohio,Swing,Ohio,Midwest,N/A,
Non-essential Business Closure,,,,,Ohio,Swing,Ohio,Midwest,N/A,
Restaurant Restrictions,,,,,Ohio,Swing,Ohio,Midwest,N/A,
Bar Restrictions,,,,,Ohio,Swing,Ohio,Midwest,N/A,
Emergency Declaration,3/15/2020,8/9/2020,,,Oklahoma,Republican,Oklahoma44052,N/A,N/A,State of Emergency
School Closure,,,,,Oklahoma,Republican,Oklahoma,N/A,N/A,
Gathering Restriction (Any),,,,,Oklahoma,Republican,Oklahoma,N/A,N/A,
Mask,,,,,Oklahoma,Republican,Oklahoma,N/A,N/A,
Quarantine / Case Isolation,,,,,Oklahoma,Republican,Oklahoma,N/A,N/A,
Stay at Home,,,,,Oklahoma,Republican,Oklahoma,N/A,N/A,
Non-essential Business Closure,,,,,Oklahoma,Republican,Oklahoma,N/A,N/A,
Restaurant Restrictions,,,,,Oklahoma,Republican,Oklahoma,N/A,N/A,
Bar Restrictions,,,,,Oklahoma,Republican,Oklahoma,N/A,N/A,
Emergency Declaration,3/8/2020,9/4/2020,,,Oregon,Democrat,Oregon44078,Western,N/A,State of Emergency
School Closure,,,,,Oregon,Democrat,Oregon,Western,N/A,
Gathering Restriction (Any),,,,,Oregon,Democrat,Oregon,Western,N/A,
Mask,,,,,Oregon,Democrat,Oregon,Western,N/A,
Quarantine / Case Isolation,,,,,Oregon,Democrat,Oregon,Western,N/A,
Stay at Home,,,,,Oregon,Democrat,Oregon,Western,N/A,
Non-essential Business Closure,,,,,Oregon,Democrat,Oregon,Western,N/A,
Restaurant Restrictions,,,,,Oregon,Democrat,Oregon,Western,N/A,
Bar Restrictions,,,,,Oregon,Democrat,Oregon,Western,N/A,
Emergency Declaration,3/6/2020,9/1/2020,,,Pennsylvania,Swing,Pennsylvania44075,Northeast,N/A,Disaster Emergency
School Closure,,,,,Pennsylvania,Swing,Pennsylvania,Northeast,N/A,
Gathering Restriction (Any),,,,,Pennsylvania,Swing,Pennsylvania,Northeast,N/A,
Mask,,,,,Pennsylvania,Swing,Pennsylvania,Northeast,N/A,
Quarantine / Case Isolation,,,,,Pennsylvania,Swing,Pennsylvania,Northeast,N/A,
Stay at Home,,,,,Pennsylvania,Swing,Pennsylvania,Northeast,N/A,
Non-essential Business Closure,,,,,Pennsylvania,Swing,Pennsylvania,Northeast,N/A,
Restaurant Restrictions,,,,,Pennsylvania,Swing,Pennsylvania,Northeast,N/A,
Bar Restrictions,,,,,Pennsylvania,Swing,Pennsylvania,Northeast,N/A,
Emergency Declaration,3/9/2020,8/2/2020,,,Rhode Island,Democrat,Rhode Island44045,Northeast,19022,Disaster Emergency
School Closure,,,,,Rhode Island,Democrat,Rhode Island,Northeast,N/A,
Gathering Restriction (Any),,,,,Rhode Island,Democrat,Rhode Island,Northeast,N/A,
Mask,,,,,Rhode Island,Democrat,Rhode Island,Northeast,N/A,
Quarantine / Case Isolation,,,,,Rhode Island,Democrat,Rhode Island,Northeast,N/A,
Stay at Home,,,,,Rhode Island,Democrat,Rhode Island,Northeast,N/A,
Non-essential Business Closure,,,,,Rhode Island,Democrat,Rhode Island,Northeast,N/A,
Restaurant Restrictions,,,,,Rhode Island,Democrat,Rhode Island,Northeast,N/A,
Bar Restrictions,,,,,Rhode Island,Democrat,Rhode Island,Northeast,N/A,
Emergency Declaration,3/13/2020,8/10/2020,,,South Carolina,Republican,South Carolina44053,N/A,N/A,State of Emergency
School Closure,3/15/2020,6/22/2020,,,South Carolina,Republican,South Carolina44004,N/A,25701,
Gathering Restriction (Any),3/17/2020,7/28/2020,,,South Carolina,Republican,South Carolina44040,N/A,84109,
Mask,,,,,South Carolina,Republican,South Carolina43954,N/A,6626,
Quarantine / Case Isolation,3/27/2020,5/3/2020,,,South Carolina,Republican,South Carolina43954,N/A,6626,"entering from New York, New Jersey, Connecticut, and New Orleans, Louisiana"
Stay at Home,4/6/2020,5/3/2020,,,South Carolina,Republican,South Carolina43954,N/A,6626,"after 5/3, recommendation for duration of state of emergency"
Non-essential Business Closure,3/30/2020,5/3/2020,,,South Carolina,Republican,South Carolina43954,N/A,6626,
Restaurant Restrictions,3/18/2020,5/4/2020,7/11/2020,,South Carolina,Republican,South Carolina43955,N/A,6757,
Bar Restrictions,3/18/2020,5/4/2020,7/11/2020,,South Carolina,Republican,South Carolina43955,N/A,6757,
Emergency Declaration,3/13/2020,12/30/2020,,,South Dakota,Republican,South Dakota44195,N/A,N/A,State of Emergency
School Closure,,,,,South Dakota,Republican,South Dakota,N/A,N/A,
Gathering Restriction (Any),,,,,South Dakota,Republican,South Dakota,N/A,N/A,
Mask,,,,,South Dakota,Republican,South Dakota,N/A,N/A,
Quarantine / Case Isolation,,,,,South Dakota,Republican,South Dakota,N/A,N/A,
Stay at Home,,,,,South Dakota,Republican,South Dakota,N/A,N/A,
Non-essential Business Closure,,,,,South Dakota,Republican,South Dakota,N/A,N/A,
Restaurant Restrictions,,,,,South Dakota,Republican,South Dakota,N/A,N/A,
Bar Restrictions,,,,,South Dakota,Republican,South Dakota,N/A,N/A,
Emergency Declaration,3/12/2020,8/29/2020,,,Tennessee,Republican,Tennessee44072,N/A,N/A,State of Emergency
School Closure,,,,,Tennessee,Republican,Tennessee,N/A,N/A,
Gathering Restriction (Any),,,,,Tennessee,Republican,Tennessee,N/A,N/A,
Mask,,,,,Tennessee,Republican,Tennessee,N/A,N/A,
Quarantine / Case Isolation,,,,,Tennessee,Republican,Tennessee,N/A,N/A,
Stay at Home,,,,,Tennessee,Republican,Tennessee,N/A,N/A,
Non-essential Business Closure,,,,,Tennessee,Republican,Tennessee,N/A,N/A,
Restaurant Restrictions,,,,,Tennessee,Republican,Tennessee,N/A,N/A,
Bar Restrictions,,,,,Tennessee,Republican,Tennessee,N/A,N/A,
Emergency Declaration,3/13/2020,8/9/2020,,,Texas,Swing,Texas44052,N/A,N/A,State of Disaster
School Closure,,,,,Texas,Swing,Texas,N/A,N/A,
Gathering Restriction (Any),,,,,Texas,Swing,Texas,N/A,N/A,
Mask,,,,,Texas,Swing,Texas,N/A,N/A,
Quarantine / Case Isolation,,,,,Texas,Swing,Texas,N/A,N/A,
Stay at Home,,,,,Texas,Swing,Texas,N/A,N/A,
Non-essential Business Closure,,,,,Texas,Swing,Texas,N/A,N/A,
Restaurant Restrictions,,,,,Texas,Swing,Texas,N/A,N/A,
Bar Restrictions,,,,,Texas,Swing,Texas,N/A,N/A,
Emergency Declaration,3/6/2020,8/20/2020,,,Utah,Republican,Utah44063,N/A,N/A,"State of Emergency, renewed through Legislature"
School Closure,,,,,Utah,Republican,Utah,N/A,N/A,
Gathering Restriction (Any),,,,,Utah,Republican,Utah,N/A,N/A,
Mask,,,,,Utah,Republican,Utah,N/A,N/A,
Quarantine / Case Isolation,,,,,Utah,Republican,Utah,N/A,N/A,
Stay at Home,,,,,Utah,Republican,Utah,N/A,N/A,
Non-essential Business Closure,,,,,Utah,Republican,Utah,N/A,N/A,
Restaurant Restrictions,,,,,Utah,Republican,Utah,N/A,N/A,
Bar Restrictions,,,,,Utah,Republican,Utah,N/A,N/A,
Emergency Declaration,3/13/2020,8/15/2020,,,Vermont,Democrat,Vermont44058,N/A,N/A,State of Emergency
School Closure,3/15/2020,6/22/2020,,,Vermont,Democrat,Vermont44004,N/A,1163,
Gathering Restriction (Any),3/13/2020,8/15/2020,,,Vermont,Democrat,Vermont44058,N/A,N/A,
Mask,5/1/2020,8/15/2020,,,Vermont,Democrat,Vermont44058,N/A,N/A,5/1-6/23 only mandatory on public transit
Quarantine / Case Isolation,3/30/2020,8/15/2020,,,Vermont,Democrat,Vermont44058,N/A,N/A,
Stay at Home,3/24/2020,5/14/2020,,,Vermont,Democrat,Vermont43965,N/A,932,
Non-essential Business Closure,3/24/2020,7/15/2020,,,Vermont,Democrat,Vermont44027,N/A,1318,
Restaurant Restrictions,3/17/2020,7/15/2020,,,Vermont,Democrat,Vermont44027,N/A,1318,
Bar Restrictions,3/17/2020,5/18/2020,,,Vermont,Democrat,Vermont43969,N/A,940,
Emergency Declaration,3/12/2020,,,,Virginia,Swing,Virginia,N/A,N/A,State of Emergency
School Closure,,,,,Virginia,Swing,Virginia,N/A,N/A,
Gathering Restriction (Any),,,,,Virginia,Swing,Virginia,N/A,N/A,
Mask,,,,,Virginia,Swing,Virginia,N/A,N/A,
Quarantine / Case Isolation,,,,,Virginia,Swing,Virginia,N/A,N/A,
Stay at Home,,,,,Virginia,Swing,Virginia,N/A,N/A,
Non-essential Business Closure,,,,,Virginia,Swing,Virginia,N/A,N/A,
Restaurant Restrictions,,,,,Virginia,Swing,Virginia,N/A,N/A,
Bar Restrictions,,,,,Virginia,Swing,Virginia,N/A,N/A,
Emergency Declaration,2/29/2020,,,,Washington,Democrat,Washington,Western,N/A,State of Emergency
School Closure,,,,,Washington,Democrat,Washington,Western,N/A,
Gathering Restriction (Any),,,,,Washington,Democrat,Washington,Western,N/A,
Mask,,,,,Washington,Democrat,Washington,Western,N/A,
Quarantine / Case Isolation,,,,,Washington,Democrat,Washington,Western,N/A,
Stay at Home,,,,,Washington,Democrat,Washington,Western,N/A,
Non-essential Business Closure,,,,,Washington,Democrat,Washington,Western,N/A,
Restaurant Restrictions,,,,,Washington,Democrat,Washington,Western,N/A,
Bar Restrictions,,,,,Washington,Democrat,Washington,Western,N/A,
Emergency Declaration,3/16/2020,,,,West Virginia,Republican,West Virginia,N/A,N/A,State of Preparedness
School Closure,,,,,West Virginia,Republican,West Virginia,N/A,N/A,
Gathering Restriction (Any),,,,,West Virginia,Republican,West Virginia,N/A,N/A,
Mask,,,,,West Virginia,Republican,West Virginia,N/A,N/A,
Quarantine / Case Isolation,,,,,West Virginia,Republican,West Virginia,N/A,N/A,
Stay at Home,,,,,West Virginia,Republican,West Virginia,N/A,N/A,
Non-essential Business Closure,,,,,West Virginia,Republican,West Virginia,N/A,N/A,
Restaurant Restrictions,,,,,West Virginia,Republican,West Virginia,N/A,N/A,
Bar Restrictions,,,,,West Virginia,Republican,West Virginia,N/A,N/A,
Emergency Declaration,3/12/2020,9/28/2020,,,Wisconsin,Swing,Wisconsin44102,Midwest,N/A,Public Health Emergency
School Closure,,,,,Wisconsin,Swing,Wisconsin,Midwest,N/A,
Gathering Restriction (Any),,,,,Wisconsin,Swing,Wisconsin,Midwest,N/A,
Mask,,,,,Wisconsin,Swing,Wisconsin,Midwest,N/A,
Quarantine / Case Isolation,,,,,Wisconsin,Swing,Wisconsin,Midwest,N/A,
Stay at Home,,,,,Wisconsin,Swing,Wisconsin,Midwest,N/A,
Non-essential Business Closure,,,,,Wisconsin,Swing,Wisconsin,Midwest,N/A,
Restaurant Restrictions,,,,,Wisconsin,Swing,Wisconsin,Midwest,N/A,
Bar Restrictions,,,,,Wisconsin,Swing,Wisconsin,Midwest,N/A,
Emergency Declaration,3/13/2020,,,,Wyoming,Republican,Wyoming,N/A,N/A,State of Emergency
School Closure,,,,,Wyoming,Republican,Wyoming,N/A,N/A,
Gathering Restriction (Any),,,,,Wyoming,Republican,Wyoming,N/A,N/A,
Mask,,,,,Wyoming,Republican,Wyoming,N/A,N/A,
Quarantine / Case Isolation,,,,,Wyoming,Republican,Wyoming,N/A,N/A,
Stay at Home,,,,,Wyoming,Republican,Wyoming,N/A,N/A,
Non-essential Business Closure,,,,,Wyoming,Republican,Wyoming,N/A,N/A,
Restaurant Restrictions,,,,,Wyoming,Republican,Wyoming,N/A,N/A,
Bar Restrictions,,,,,Wyoming,Republican,Wyoming,N/A,N/A,